tstamp,YyyyMmDd,HhMm,totalGrade,examType,maxGrade
"1516900601474","2018-01-25","07:16",9,"random",10
"1516900810376","2018-01-25","07:20",14,"intro",15
"1516902703695","2018-01-25","07:51",14,"number-theory",15
"1516904266091","2018-01-25","08:17",6,"random",10
"1516908260032","2018-01-25","09:24",0,"random",10
"1516908472817","2018-01-25","09:27",3,"random",10
"1516910381949","2018-01-25","09:59",0,"intro",15
"1516910400025","2018-01-25","10:00",0,"intro",15
"1516910792079","2018-01-25","10:06",12,"intro",15
"1516911471824","2018-01-25","10:17",0,"intro",15
"1516911509235","2018-01-25","10:18",1,"intro",15
"1516912428323","2018-01-25","10:33",1,"intro",15
"1516917495067","2018-01-25","11:58",7,"intro",15
"1516917714824","2018-01-26","12:01",0,"intro",15
"1516923815766","2018-01-26","01:43",0,"intro",15
"1516952038578","2018-01-26","09:33",1,"intro",15
"1516952049694","2018-01-26","09:34",0,"random",10
"1516952052576","2018-01-26","09:34",1,"random",10
"1516952076777","2018-01-26","09:34",0,"random",10
"1516952082160","2018-01-26","09:34",0,"random",10
"1516952106824","2018-01-26","09:35",1,"random",10
"1516952118002","2018-01-26","09:35",1,"random",10
"1516952120096","2018-01-26","09:35",1,"random",10
"1516952146267","2018-01-26","09:35",1,"random",10
"1516952170161","2018-01-26","09:36",0,"random",10
"1516952193912","2018-01-26","09:36",0,"intro",15
"1516952221639","2018-01-26","09:37",0,"random",10
"1516952229580","2018-01-26","09:37",0,"random",10
"1516952235711","2018-01-26","09:37",1,"random",10
"1516952236530","2018-01-26","09:37",1,"random",10
"1516952262549","2018-01-26","09:37",1,"random",10
"1516952265720","2018-01-26","09:37",0,"random",10
"1516952275021","2018-01-26","09:37",1,"random",10
"1516952283068","2018-01-26","09:38",0,"intro",15
"1516952292178","2018-01-26","09:38",1,"random",10
"1516952293500","2018-01-26","09:38",1,"random",10
"1516952295508","2018-01-26","09:38",1,"random",10
"1516952345802","2018-01-26","09:39",0,"random",10
"1516952354142","2018-01-26","09:39",0,"random",10
"1516952438867","2018-01-26","09:40",0,"intro",15
"1516952454973","2018-01-26","09:40",2,"random",10
"1516952512156","2018-01-26","09:41",2,"random",10
"1516952513405","2018-01-26","09:41",1,"random",10
"1516952529237","2018-01-26","09:42",2,"random",10
"1516952548129","2018-01-26","09:42",3,"random",10
"1516952569346","2018-01-26","09:42",5,"intro",15
"1516952643916","2018-01-26","09:44",4,"random",10
"1516952681026","2018-01-26","09:44",1,"random",10
"1516952706687","2018-01-26","09:45",1,"random",10
"1516952780099","2018-01-26","09:46",11,"intro",15
"1516952787803","2018-01-26","09:46",7,"intro",15
"1516952802733","2018-01-26","09:46",2,"random",10
"1516952809775","2018-01-26","09:46",0,"intro",15
"1516952810708","2018-01-26","09:46",2,"random",10
"1516952817297","2018-01-26","09:46",0,"random",10
"1516952818193","2018-01-26","09:46",0,"intro",15
"1516952833587","2018-01-26","09:47",4,"random",10
"1516952847437","2018-01-26","09:47",2,"random",10
"1516952900362","2018-01-26","09:48",1,"random",10
"1516952917930","2018-01-26","09:48",4,"random",10
"1516952926140","2018-01-26","09:48",4,"random",10
"1516952939580","2018-01-26","09:48",2,"random",10
"1516952942222","2018-01-26","09:49",3,"random",10
"1516952942401","2018-01-26","09:49",3,"random",10
"1516952943274","2018-01-26","09:49",2,"random",10
"1516952982673","2018-01-26","09:49",2,"generalizations",15
"1516952992331","2018-01-26","09:49",4,"random",10
"1516952994451","2018-01-26","09:49",4,"random",10
"1516952997335","2018-01-26","09:49",1,"random",10
"1516952997358","2018-01-26","09:49",1,"random",10
"1516952997827","2018-01-26","09:49",4,"random",10
"1516952998040","2018-01-26","09:49",6,"generalizations",15
"1516952999014","2018-01-26","09:49",3,"random",10
"1516952999141","2018-01-26","09:49",4,"random",10
"1516953000257","2018-01-26","09:50",4,"intro",15
"1516953005553","2018-01-26","09:50",4,"random",10
"1516953035739","2018-01-26","09:50",8,"intro",15
"1516953036290","2018-01-26","09:50",2,"random",10
"1516953047028","2018-01-26","09:50",2,"random",10
"1516961680376","2018-01-26","12:14",1,"random",10
"1516961916780","2018-01-26","12:18",7,"random",10
"1516965230286","2018-01-26","01:13",0,"intro",15
"1516971156525","2018-01-26","02:52",10,"intro",15
"1516971648748","2018-01-26","03:00",14,"intro",15
"1516972390186","2018-01-26","03:13",2,"random",10
"1516972514898","2018-01-26","03:15",14,"generalizations",15
"1516972755205","2018-01-26","03:19",13,"intro",15
"1516972950811","2018-01-26","03:22",0,"intro",15
"1516973594140","2018-01-26","03:33",8,"shapes",15
"1516973823312","2018-01-26","03:37",0,"combinatorics",15
"1516977548729","2018-01-26","04:39",1,"intro",15
"1516977896032","2018-01-26","04:44",0,"random",10
"1516978218241","2018-01-26","04:50",0,"random",10
"1516981478309","2018-01-26","05:44",0,"random",10
"1516982736867","2018-01-26","06:05",0,"intro",15
"1516982768464","2018-01-26","06:06",0,"intro",15
"1516984140558","2018-01-26","06:29",0,"generalizations",15
"1516994017588","2018-01-26","09:13",0,"random",10
"1517013001342","2018-01-27","02:30",1,"intro",15
"1517013016267","2018-01-27","02:30",1,"intro",15
"1517013474361","2018-01-27","02:37",9,"intro",15
"1517049182842","2018-01-27","12:33",0,"intro",15
"1517049234925","2018-01-27","12:33",0,"combinatorics",15
"1517059360977","2018-01-27","03:22",0,"intro",15
"1517059374961","2018-01-27","03:22",0,"intro",15
"1517060947788","2018-01-27","03:49",1,"intro",15
"1517061069693","2018-01-27","03:51",1,"intro",15
"1517061593677","2018-01-27","03:59",8,"intro",15
"1517064873016","2018-01-27","04:54",1,"intro",15
"1517064958284","2018-01-27","04:55",1,"intro",15
"1517064998063","2018-01-27","04:56",1,"intro",15
"1517066156504","2018-01-27","05:15",9,"intro",15
"1517066361402","2018-01-27","05:19",0,"intro",15
"1517067526055","2018-01-27","05:38",4,"generalizations",15
"1517067685687","2018-01-27","05:41",4,"generalizations",15
"1517068126456","2018-01-27","05:48",2,"number-theory",15
"1517068135912","2018-01-27","05:48",4,"generalizations",15
"1517068140397","2018-01-27","05:49",0,"generalizations",15
"1517068144321","2018-01-27","05:49",0,"generalizations",15
"1517071251391","2018-01-27","06:40",11,"intro",15
"1517071402304","2018-01-27","06:43",1,"number-theory",15
"1517072008521","2018-01-27","06:53",14,"intro",15
"1517072403382","2018-01-27","07:00",0,"intro",15
"1517072740381","2018-01-27","07:05",3,"random",10
"1517073157817","2018-01-27","07:12",2,"random",10
"1517078963410","2018-01-27","08:49",3,"random",10
"1517084219119","2018-01-27","10:16",10,"intro",15
"1517084440901","2018-01-27","10:20",0,"intro",15
"1517087500940","2018-01-27","11:11",0,"intro",15
"1517135541297","2018-01-28","12:32",0,"intro",15
"1517135608615","2018-01-28","12:33",0,"random",10
"1517141020496","2018-01-28","02:03",2,"random",10
"1517142424529","2018-01-28","02:27",0,"intro",15
"1517146363615","2018-01-28","03:32",5,"intro",15
"1517152856169","2018-01-28","05:20",1,"intro",15
"1517154657073","2018-01-28","05:50",0,"intro",15
"1517155398575","2018-01-28","06:03",0,"intro",15
"1517160023979","2018-01-28","07:20",0,"random",10
"1517160821607","2018-01-28","07:33",1,"random",10
"1517161050119","2018-01-28","07:37",0,"intro",15
"1517164425313","2018-01-28","08:33",3,"intro",15
"1517166916609","2018-01-28","09:15",0,"intro",15
"1517166934947","2018-01-28","09:15",1,"intro",15
"1517166944379","2018-01-28","09:15",1,"intro",15
"1517166965668","2018-01-28","09:16",1,"intro",15
"1517167035705","2018-01-28","09:17",1,"intro",15
"1517167070833","2018-01-28","09:17",1,"intro",15
"1517167134486","2018-01-28","09:18",2,"intro",15
"1517167422169","2018-01-28","09:23",3,"intro",15
"1517167773163","2018-01-28","09:29",7,"intro",15
"1517169902707","2018-01-28","10:05",8,"intro",15
"1517171863056","2018-01-28","10:37",1,"intro",15
"1517202878639","2018-01-29","07:14",9,"intro",15
"1517205976757","2018-01-29","08:06",1,"intro",15
"1517206464986","2018-01-29","08:14",1,"intro",15
"1517207207101","2018-01-29","08:26",2,"intro",15
"1517207254195","2018-01-29","08:27",1,"intro",15
"1517214587989","2018-01-29","10:29",1,"intro",15
"1517214742337","2018-01-29","10:32",2,"intro",15
"1517214760826","2018-01-29","10:32",1,"intro",15
"1517216620144","2018-01-29","11:03",11,"intro",15
"1517217742680","2018-01-29","11:22",1,"random",10
"1517219149161","2018-01-29","11:45",1,"intro",15
"1517219468560","2018-01-29","11:51",1,"shapes",15
"1517219794218","2018-01-29","11:56",1,"shapes",15
"1517222289289","2018-01-29","12:38",9,"intro",15
"1517222982606","2018-01-29","12:49",9,"intro",15
"1517223565049","2018-01-29","12:59",1,"intro",15
"1517223578523","2018-01-29","12:59",1,"intro",15
"1517223754364","2018-01-29","01:02",1,"intro",15
"1517223917455","2018-01-29","01:05",3,"intro",15
"1517224449814","2018-01-29","01:14",0,"intro",15
"1517224743525","2018-01-29","01:19",1,"intro",15
"1517224960809","2018-01-29","01:22",4,"intro",15
"1517225546526","2018-01-29","01:32",8,"intro",15
"1517225733525","2018-01-29","01:35",1,"number-theory",15
"1517225898767","2018-01-29","01:38",7,"intro",15
"1517226192646","2018-01-29","01:43",0,"intro",15
"1517227078725","2018-01-29","01:57",8,"intro",15
"1517227263928","2018-01-29","02:01",4,"generalizations",15
"1517227509406","2018-01-29","02:05",4,"generalizations",15
"1517227917207","2018-01-29","02:11",2,"random",10
"1517227997171","2018-01-29","02:13",2,"generalizations",15
"1517228236457","2018-01-29","02:17",3,"generalizations",15
"1517228582853","2018-01-29","02:23",2,"random",10
"1517228592739","2018-01-29","02:23",1,"random",10
"1517228727798","2018-01-29","02:25",2,"combinatorics",15
"1517228775344","2018-01-29","02:26",2,"random",10
"1517228827843","2018-01-29","02:27",0,"intro",15
"1517228911288","2018-01-29","02:28",1,"intro",15
"1517229116096","2018-01-29","02:31",7,"intro",15
"1517229316611","2018-01-29","02:35",10,"intro",15
"1517229896789","2018-01-29","02:44",1,"intro",15
"1517230449976","2018-01-29","02:54",5,"intro",15
"1517231312264","2018-01-29","03:08",8,"intro",15
"1517232198190","2018-01-29","03:23",0,"intro",15
"1517232362072","2018-01-29","03:26",0,"intro",15
"1517232402902","2018-01-29","03:26",0,"intro",15
"1517232414969","2018-01-29","03:26",0,"intro",15
"1517233063870","2018-01-29","03:37",1,"intro",15
"1517233111395","2018-01-29","03:38",9,"intro",15
"1517233199476","2018-01-29","03:39",9,"intro",15
"1517233322680","2018-01-29","03:42",1,"intro",15
"1517233413638","2018-01-29","03:43",3,"intro",15
"1517233754834","2018-01-29","03:49",2,"intro",15
"1517236491311","2018-01-29","04:34",0,"random",10
"1517236494409","2018-01-29","04:34",0,"random",10
"1517236496035","2018-01-29","04:34",0,"random",10
"1517236581613","2018-01-29","04:36",0,"random",10
"1517236588530","2018-01-29","04:36",5,"intro",15
"1517237152961","2018-01-29","04:45",1,"random",10
"1517244484934","2018-01-29","06:48",11,"intro",15
"1517246111341","2018-01-29","07:15",11,"intro",15
"1517246475683","2018-01-29","07:21",7,"generalizations",15
"1517247823440","2018-01-29","07:43",0,"combinatorics",15
"1517249156029","2018-01-29","08:05",0,"intro",15
"1517249340717","2018-01-29","08:09",1,"intro",15
"1517249784543","2018-01-29","08:16",9,"intro",15
"1517249830402","2018-01-29","08:17",4,"intro",15
"1517249854954","2018-01-29","08:17",4,"intro",15
"1517249918947","2018-01-29","08:18",0,"intro",15
"1517249930230","2018-01-29","08:18",8,"generalizations",15
"1517250020339","2018-01-29","08:20",1,"intro",15
"1517250120089","2018-01-29","08:22",1,"intro",15
"1517252612816","2018-01-29","09:03",3,"generalizations",15
"1517254164469","2018-01-29","09:29",5,"generalizations",15
"1517254741215","2018-01-29","09:39",0,"intro",15
"1517255572983","2018-01-29","09:52",1,"intro",15
"1517255601828","2018-01-29","09:53",0,"intro",15
"1517255626264","2018-01-29","09:53",0,"intro",15
"1517255663860","2018-01-29","09:54",0,"generalizations",15
"1517255898866","2018-01-29","09:58",2,"intro",15
"1517256218176","2018-01-29","10:03",7,"intro",15
"1517256440784","2018-01-29","10:07",0,"combinatorics",15
"1517257456371","2018-01-29","10:24",1,"random",10
"1517258348120","2018-01-29","10:39",0,"intro",15
"1517258423403","2018-01-29","10:40",1,"intro",15
"1517258962435","2018-01-29","10:49",0,"number-theory",15
"1517259129445","2018-01-29","10:52",2,"generalizations",15
"1517259244052","2018-01-29","10:54",0,"shapes",15
"1517259293041","2018-01-29","10:54",2,"number-theory",15
"1517287694266","2018-01-30","06:48",1,"intro",15
"1517293074119","2018-01-30","08:17",0,"intro",15
"1517293121444","2018-01-30","08:18",0,"random",10
"1517293172768","2018-01-30","08:19",1,"intro",15
"1517293204178","2018-01-30","08:20",1,"random",10
"1517293505010","2018-01-30","08:25",4,"random",10
"1517294241892","2018-01-30","08:37",4,"intro",15
"1517294386445","2018-01-30","08:39",3,"random",10
"1517294405207","2018-01-30","08:40",5,"random",10
"1517296425059","2018-01-30","09:13",0,"intro",15
"1517296775231","2018-01-30","09:19",2,"intro",15
"1517296840144","2018-01-30","09:20",6,"intro",15
"1517297065220","2018-01-30","09:24",1,"generalizations",15
"1517297300549","2018-01-30","09:28",0,"generalizations",15
"1517297362187","2018-01-30","09:29",2,"generalizations",15
"1517297528665","2018-01-30","09:32",0,"intro",15
"1517297690718","2018-01-30","09:34",0,"intro",15
"1517299646786","2018-01-30","10:07",6,"intro",15
"1517304894821","2018-01-30","11:34",1,"intro",15
"1517305990141","2018-01-30","11:53",0,"shapes",15
"1517306278227","2018-01-30","11:57",1,"intro",15
"1517306894263","2018-01-30","12:08",0,"number-theory",15
"1517307075701","2018-01-30","12:11",1,"intro",15
"1517307384520","2018-01-30","12:16",3,"intro",15
"1517307821061","2018-01-30","12:23",1,"intro",15
"1517308802375","2018-01-30","12:40",0,"random",10
"1517309351776","2018-01-30","12:49",6,"intro",15
"1517309957298","2018-01-30","12:59",2,"intro",15
"1517309981628","2018-01-30","12:59",1,"generalizations",15
"1517310017282","2018-01-30","01:00",2,"intro",15
"1517310198730","2018-01-30","01:03",0,"intro",15
"1517310240809","2018-01-30","01:04",0,"random",10
"1517310247756","2018-01-30","01:04",0,"combinatorics",15
"1517310369019","2018-01-30","01:06",0,"combinatorics",15
"1517310426911","2018-01-30","01:07",1,"random",10
"1517310436935","2018-01-30","01:07",0,"combinatorics",15
"1517310448026","2018-01-30","01:07",1,"intro",15
"1517310589913","2018-01-30","01:09",1,"intro",15
"1517310665668","2018-01-30","01:11",8,"intro",15
"1517310691265","2018-01-30","01:11",8,"intro",15
"1517310805322","2018-01-30","01:13",1,"intro",15
"1517311006133","2018-01-30","01:16",1,"intro",15
"1517311107972","2018-01-30","01:18",0,"intro",15
"1517311158377","2018-01-30","01:19",1,"intro",15
"1517311182999","2018-01-30","01:19",1,"intro",15
"1517311245366","2018-01-30","01:20",0,"intro",15
"1517311266327","2018-01-30","01:21",0,"intro",15
"1517311297599","2018-01-30","01:21",13,"intro",15
"1517311383326","2018-01-30","01:23",8,"intro",15
"1517311403920","2018-01-30","01:23",15,"intro",15
"1517311425773","2018-01-30","01:23",0,"intro",15
"1517311436832","2018-01-30","01:23",0,"intro",15
"1517311455136","2018-01-30","01:24",1,"intro",15
"1517311544832","2018-01-30","01:25",0,"number-theory",15
"1517311608677","2018-01-30","01:26",1,"intro",15
"1517311679118","2018-01-30","01:27",1,"intro",15
"1517311900361","2018-01-30","01:31",2,"intro",15
"1517312023034","2018-01-30","01:33",0,"combinatorics",15
"1517312062995","2018-01-30","01:34",1,"intro",15
"1517312067296","2018-01-30","01:34",3,"random",10
"1517312533426","2018-01-30","01:42",0,"intro",15
"1517312629127","2018-01-30","01:43",1,"number-theory",15
"1517312648360","2018-01-30","01:44",0,"shapes",15
"1517313897217","2018-01-30","02:04",0,"shapes",15
"1517313919398","2018-01-30","02:05",0,"number-theory",15
"1517314467831","2018-01-30","02:14",0,"intro",15
"1517314580206","2018-01-30","02:16",1,"intro",15
"1517314702679","2018-01-30","02:18",3,"intro",15
"1517314782400","2018-01-30","02:19",4,"intro",15
"1517314916599","2018-01-30","02:21",4,"intro",15
"1517315143403","2018-01-30","02:25",3,"intro",15
"1517315591504","2018-01-30","02:33",0,"random",10
"1517315602223","2018-01-30","02:33",0,"random",10
"1517315838232","2018-01-30","02:37",0,"random",10
"1517315910833","2018-01-30","02:38",1,"random",10
"1517315936915","2018-01-30","02:38",0,"random",10
"1517316156440","2018-01-30","02:42",1,"random",10
"1517316261397","2018-01-30","02:44",1,"combinatorics",15
"1517316318443","2018-01-30","02:45",8,"intro",15
"1517316334391","2018-01-30","02:45",3,"random",10
"1517316337676","2018-01-30","02:45",1,"random",10
"1517316408000","2018-01-30","02:46",0,"random",10
"1517316556809","2018-01-30","02:49",1,"random",10
"1517316634626","2018-01-30","02:50",1,"intro",15
"1517316712515","2018-01-30","02:51",1,"combinatorics",15
"1517316801280","2018-01-30","02:53",5,"intro",15
"1517316942291","2018-01-30","02:55",1,"combinatorics",15
"1517317208125","2018-01-30","03:00",1,"intro",15
"1517317313849","2018-01-30","03:01",4,"generalizations",15
"1517317337818","2018-01-30","03:02",3,"combinatorics",15
"1517317589783","2018-01-30","03:06",5,"generalizations",15
"1517317783759","2018-01-30","03:09",2,"random",10
"1517317889859","2018-01-30","03:11",6,"intro",15
"1517317999617","2018-01-30","03:13",12,"intro",15
"1517318599638","2018-01-30","03:23",2,"random",10
"1517318855991","2018-01-30","03:27",1,"random",10
"1517318896318","2018-01-30","03:28",1,"random",10
"1517318950854","2018-01-30","03:29",1,"random",10
"1517319772619","2018-01-30","03:42",3,"intro",15
"1517320049377","2018-01-30","03:47",2,"random",10
"1517323668488","2018-01-30","04:47",0,"intro",15
"1517324395610","2018-01-30","04:59",1,"combinatorics",15
"1517324800453","2018-01-30","05:06",0,"combinatorics",15
"1517326316670","2018-01-30","05:31",10,"combinatorics",15
"1517326332568","2018-01-30","05:32",0,"shapes",15
"1517327915291","2018-01-30","05:58",0,"combinatorics",15
"1517328700517","2018-01-30","06:11",1,"intro",15
"1517329459202","2018-01-30","06:24",1,"intro",15
"1517330136176","2018-01-30","06:35",9,"intro",15
"1517330298618","2018-01-30","06:38",7,"intro",15
"1517330365841","2018-01-30","06:39",3,"shapes",15
"1517330426702","2018-01-30","06:40",2,"random",10
"1517331295970","2018-01-30","06:54",9,"intro",15
"1517331356219","2018-01-30","06:55",0,"random",10
"1517331691847","2018-01-30","07:01",4,"random",10
"1517333373321","2018-01-30","07:29",7,"generalizations",15
"1517333676182","2018-01-30","07:34",7,"intro",15
"1517333869971","2018-01-30","07:37",4,"number-theory",15
"1517335243606","2018-01-30","08:00",0,"intro",15
"1517335268466","2018-01-30","08:01",1,"intro",15
"1517336067868","2018-01-30","08:14",6,"intro",15
"1517336426388","2018-01-30","08:20",2,"generalizations",15
"1517336963582","2018-01-30","08:29",3,"generalizations",15
"1517336996678","2018-01-30","08:29",10,"intro",15
"1517337517365","2018-01-30","08:38",13,"intro",15
"1517338058241","2018-01-30","08:47",5,"generalizations",15
"1517338350937","2018-01-30","08:52",7,"intro",15
"1517338406307","2018-01-30","08:53",2,"number-theory",15
"1517339078417","2018-01-30","09:04",1,"intro",15
"1517339970327","2018-01-30","09:19",11,"intro",15
"1517341530544","2018-01-30","09:45",8,"generalizations",15
"1517342318554","2018-01-30","09:58",2,"random",10
"1517342341622","2018-01-30","09:59",1,"random",10
"1517343112797","2018-01-30","10:11",6,"random",10
"1517346338960","2018-01-30","11:05",0,"random",10
"1517357704384","2018-01-31","02:15",1,"intro",15
"1517357850021","2018-01-31","02:17",1,"intro",15
"1517357875354","2018-01-31","02:17",1,"intro",15
"1517357880041","2018-01-31","02:18",1,"intro",15
"1517380090351","2018-01-31","08:28",0,"intro",15
"1517380109479","2018-01-31","08:28",0,"intro",15
"1517383029925","2018-01-31","09:17",4,"intro",15
"1517383617544","2018-01-31","09:26",9,"intro",15
"1517385306663","2018-01-31","09:55",1,"random",10
"1517385864729","2018-01-31","10:04",0,"number-theory",15
"1517386124326","2018-01-31","10:08",2,"generalizations",15
"1517386173369","2018-01-31","10:09",0,"generalizations",15
"1517386777095","2018-01-31","10:19",0,"combinatorics",15
"1517387247974","2018-01-31","10:27",3,"generalizations",15
"1517390535817","2018-01-31","11:22",1,"intro",15
"1517390710006","2018-01-31","11:25",0,"random",10
"1517392084300","2018-01-31","11:48",0,"intro",15
"1517392315134","2018-01-31","11:51",4,"generalizations",15
"1517396762158","2018-01-31","01:06",0,"intro",15
"1517396789844","2018-01-31","01:06",0,"intro",15
"1517397144703","2018-01-31","01:12",1,"intro",15
"1517397155242","2018-01-31","01:12",1,"intro",15
"1517397289458","2018-01-31","01:14",0,"random",10
"1517397410570","2018-01-31","01:16",0,"random",10
"1517397491767","2018-01-31","01:18",5,"intro",15
"1517397577878","2018-01-31","01:19",0,"random",10
"1517397625947","2018-01-31","01:20",0,"number-theory",15
"1517397699856","2018-01-31","01:21",0,"random",10
"1517397870878","2018-01-31","01:24",0,"random",10
"1517397956377","2018-01-31","01:25",1,"random",10
"1517397982022","2018-01-31","01:26",1,"random",10
"1517398003692","2018-01-31","01:26",2,"random",10
"1517398004728","2018-01-31","01:26",0,"number-theory",15
"1517399097767","2018-01-31","01:44",8,"intro",15
"1517399269277","2018-01-31","01:47",0,"intro",15
"1517399365750","2018-01-31","01:49",2,"random",10
"1517400370358","2018-01-31","02:06",0,"intro",15
"1517400708851","2018-01-31","02:11",8,"intro",15
"1517400709041","2018-01-31","02:11",11,"intro",15
"1517400903089","2018-01-31","02:15",12,"intro",15
"1517402358895","2018-01-31","02:39",0,"intro",15
"1517402397990","2018-01-31","02:39",1,"intro",15
"1517402422260","2018-01-31","02:40",1,"intro",15
"1517402428857","2018-01-31","02:40",1,"intro",15
"1517402447934","2018-01-31","02:40",1,"intro",15
"1517402591406","2018-01-31","02:43",1,"intro",15
"1517402636764","2018-01-31","02:43",7,"generalizations",15
"1517402637481","2018-01-31","02:43",7,"generalizations",15
"1517402896704","2018-01-31","02:48",5,"intro",15
"1517403454373","2018-01-31","02:57",0,"shapes",15
"1517403527099","2018-01-31","02:58",0,"generalizations",15
"1517403682163","2018-01-31","03:01",1,"number-theory",15
"1517404677647","2018-01-31","03:17",1,"number-theory",15
"1517405385694","2018-01-31","03:29",0,"intro",15
"1517405385755","2018-01-31","03:29",0,"intro",15
"1517405440238","2018-01-31","03:30",0,"intro",15
"1517406273437","2018-01-31","03:44",1,"intro",15
"1517406305351","2018-01-31","03:45",1,"intro",15
"1517406547385","2018-01-31","03:49",1,"intro",15
"1517406571175","2018-01-31","03:49",1,"intro",15
"1517406654993","2018-01-31","03:50",1,"intro",15
"1517407061656","2018-01-31","03:57",2,"intro",15
"1517407098352","2018-01-31","03:58",2,"intro",15
"1517407140375","2018-01-31","03:59",3,"intro",15
"1517407379743","2018-01-31","04:02",8,"intro",15
"1517407525805","2018-01-31","04:05",10,"intro",15
"1517407576122","2018-01-31","04:06",10,"intro",15
"1517407617062","2018-01-31","04:06",11,"intro",15
"1517407647545","2018-01-31","04:07",11,"intro",15
"1517407674248","2018-01-31","04:07",12,"intro",15
"1517407938545","2018-01-31","04:12",1,"intro",15
"1517408476369","2018-01-31","04:21",7,"intro",15
"1517408559985","2018-01-31","04:22",1,"intro",15
"1517409493736","2018-01-31","04:38",0,"intro",15
"1517409531183","2018-01-31","04:38",3,"intro",15
"1517409537224","2018-01-31","04:38",0,"intro",15
"1517409559906","2018-01-31","04:39",1,"intro",15
"1517409597229","2018-01-31","04:39",0,"generalizations",15
"1517409620557","2018-01-31","04:40",1,"generalizations",15
"1517409770314","2018-01-31","04:42",0,"generalizations",15
"1517409824586","2018-01-31","04:43",1,"generalizations",15
"1517409862345","2018-01-31","04:44",2,"generalizations",15
"1517409923657","2018-01-31","04:45",2,"generalizations",15
"1517409956533","2018-01-31","04:45",3,"generalizations",15
"1517409995946","2018-01-31","04:46",4,"generalizations",15
"1517410234808","2018-01-31","04:50",4,"generalizations",15
"1517410273123","2018-01-31","04:51",5,"generalizations",15
"1517410525694","2018-01-31","04:55",2,"generalizations",15
"1517410698355","2018-01-31","04:58",1,"intro",15
"1517410710701","2018-01-31","04:58",5,"generalizations",15
"1517410753735","2018-01-31","04:59",0,"combinatorics",15
"1517410846941","2018-01-31","05:00",5,"generalizations",15
"1517410897905","2018-01-31","05:01",5,"generalizations",15
"1517410905373","2018-01-31","05:01",1,"intro",15
"1517410925158","2018-01-31","05:02",5,"generalizations",15
"1517411253090","2018-01-31","05:07",0,"shapes",15
"1517411481814","2018-01-31","05:11",2,"intro",15
"1517411500997","2018-01-31","05:11",2,"intro",15
"1517411932655","2018-01-31","05:18",1,"number-theory",15
"1517412083428","2018-01-31","05:21",1,"number-theory",15
"1517412475137","2018-01-31","05:27",0,"random",10
"1517412913145","2018-01-31","05:35",1,"shapes",15
"1517413115975","2018-01-31","05:38",2,"number-theory",15
"1517413197808","2018-01-31","05:39",1,"random",10
"1517413234750","2018-01-31","05:40",0,"random",10
"1517413558079","2018-01-31","05:45",7,"intro",15
"1517413600876","2018-01-31","05:46",2,"random",10
"1517414263755","2018-01-31","05:57",1,"random",10
"1517414379160","2018-01-31","05:59",1,"intro",15
"1517414388846","2018-01-31","05:59",0,"intro",15
"1517414879823","2018-01-31","06:07",0,"combinatorics",15
"1517417577358","2018-01-31","06:52",0,"intro",15
"1517417725379","2018-01-31","06:55",1,"intro",15
"1517417962809","2018-01-31","06:59",0,"combinatorics",15
"1517418775262","2018-01-31","07:12",8,"intro",15
"1517418986672","2018-01-31","07:16",0,"intro",15
"1517419023582","2018-01-31","07:17",0,"intro",15
"1517419033203","2018-01-31","07:17",1,"intro",15
"1517419050764","2018-01-31","07:17",1,"intro",15
"1517419082825","2018-01-31","07:18",0,"intro",15
"1517419127430","2018-01-31","07:18",0,"intro",15
"1517419199449","2018-01-31","07:19",0,"combinatorics",15
"1517420482131","2018-01-31","07:41",0,"combinatorics",15
"1517421497332","2018-01-31","07:58",1,"intro",15
"1517421515075","2018-01-31","07:58",1,"intro",15
"1517422259870","2018-01-31","08:10",10,"intro",15
"1517422583697","2018-01-31","08:16",0,"intro",15
"1517422842873","2018-01-31","08:20",0,"intro",15
"1517422864006","2018-01-31","08:21",0,"random",10
"1517422871915","2018-01-31","08:21",0,"random",10
"1517423139637","2018-01-31","08:25",0,"intro",15
"1517423724692","2018-01-31","08:35",1,"intro",15
"1517424012921","2018-01-31","08:40",3,"intro",15
"1517424032783","2018-01-31","08:40",1,"intro",15
"1517424038672","2018-01-31","08:40",1,"intro",15
"1517424070706","2018-01-31","08:41",4,"random",10
"1517424348435","2018-01-31","08:45",0,"intro",15
"1517424356264","2018-01-31","08:45",0,"intro",15
"1517424411877","2018-01-31","08:46",0,"intro",15
"1517424456048","2018-01-31","08:47",1,"intro",15
"1517424480052","2018-01-31","08:48",0,"generalizations",15
"1517424483000","2018-01-31","08:48",1,"generalizations",15
"1517425037400","2018-01-31","08:57",1,"intro",15
"1517425044153","2018-01-31","08:57",1,"intro",15
"1517425131451","2018-01-31","08:58",2,"intro",15
"1517425579851","2018-01-31","09:06",3,"random",10
"1517425591176","2018-01-31","09:06",9,"intro",15
"1517425973628","2018-01-31","09:12",1,"random",10
"1517426273575","2018-01-31","09:17",6,"random",10
"1517426297761","2018-01-31","09:18",3,"random",10
"1517426501093","2018-01-31","09:21",0,"combinatorics",15
"1517427082244","2018-01-31","09:31",3,"random",10
"1517427196369","2018-01-31","09:33",13,"intro",15
"1517427218007","2018-01-31","09:33",1,"generalizations",15
"1517427429212","2018-01-31","09:37",1,"intro",15
"1517427527504","2018-01-31","09:38",0,"intro",15
"1517427564679","2018-01-31","09:39",5,"intro",15
"1517427597156","2018-01-31","09:39",0,"intro",15
"1517427651171","2018-01-31","09:40",0,"intro",15
"1517427671421","2018-01-31","09:41",0,"shapes",15
"1517427692226","2018-01-31","09:41",1,"shapes",15
"1517427728873","2018-01-31","09:42",1,"shapes",15
"1517428136538","2018-01-31","09:48",1,"shapes",15
"1517428534488","2018-01-31","09:55",0,"intro",15
"1517428803093","2018-01-31","10:00",10,"intro",15
"1517429228955","2018-01-31","10:07",9,"generalizations",15
"1517429342529","2018-01-31","10:09",8,"generalizations",15
"1517429650562","2018-01-31","10:14",4,"random",10
"1517429924380","2018-01-31","10:18",4,"generalizations",15
"1517430105570","2018-01-31","10:21",1,"intro",15
"1517430203328","2018-01-31","10:23",4,"generalizations",15
"1517430361596","2018-01-31","10:26",0,"generalizations",15
"1517430524400","2018-01-31","10:28",6,"intro",15
"1517430533156","2018-01-31","10:28",0,"intro",15
"1517430634929","2018-01-31","10:30",0,"combinatorics",15
"1517431055234","2018-01-31","10:37",1,"random",10
"1517431560078","2018-01-31","10:46",5,"random",10
"1517431817796","2018-01-31","10:50",0,"number-theory",15
"1517431874904","2018-01-31","10:51",1,"number-theory",15
"1517431903133","2018-01-31","10:51",7,"shapes",15
"1517432423737","2018-01-31","11:00",6,"intro",15
"1517432548622","2018-01-31","11:02",1,"shapes",15
"1517432557168","2018-01-31","11:02",0,"shapes",15
"1517433050442","2018-01-31","11:10",0,"shapes",15
"1517433294027","2018-01-31","11:14",0,"intro",15
"1517433319014","2018-01-31","11:15",1,"intro",15
"1517433555390","2018-01-31","11:19",0,"shapes",15
"1517433679546","2018-01-31","11:21",0,"shapes",15
"1517433804338","2018-01-31","11:23",0,"shapes",15
"1517433884957","2018-01-31","11:24",0,"shapes",15
"1517434199358","2018-01-31","11:29",0,"intro",15
"1517436028409","2018-02-01","12:00",2,"shapes",15
"1517436033837","2018-02-01","12:00",2,"shapes",15
"1517437332430","2018-02-01","12:22",0,"combinatorics",15
"1517464649317","2018-02-01","07:57",4,"intro",15
"1517468813679","2018-02-01","09:06",10,"intro",15
"1517468846426","2018-02-01","09:07",0,"intro",15
"1517468905924","2018-02-01","09:08",0,"intro",15
"1517468914004","2018-02-01","09:08",10,"intro",15
"1517469029987","2018-02-01","09:10",1,"intro",15
"1517469067437","2018-02-01","09:11",1,"intro",15
"1517469146191","2018-02-01","09:12",1,"intro",15
"1517471457096","2018-02-01","09:50",1,"intro",15
"1517473450267","2018-02-01","10:24",1,"intro",15
"1517473487805","2018-02-01","10:24",0,"intro",15
"1517473525066","2018-02-01","10:25",2,"intro",15
"1517473579744","2018-02-01","10:26",1,"intro",15
"1517473643806","2018-02-01","10:27",2,"intro",15
"1517476143199","2018-02-01","11:09",0,"random",10
"1517476161580","2018-02-01","11:09",0,"random",10
"1517476174715","2018-02-01","11:09",0,"random",10
"1517476204922","2018-02-01","11:10",0,"random",10
"1517476217649","2018-02-01","11:10",0,"random",10
"1517476234021","2018-02-01","11:10",0,"random",10
"1517476254583","2018-02-01","11:10",0,"random",10
"1517476290827","2018-02-01","11:11",0,"random",10
"1517477093091","2018-02-01","11:24",0,"shapes",15
"1517477870287","2018-02-01","11:37",5,"number-theory",15
"1517479545724","2018-02-01","12:05",0,"intro",15
"1517479972474","2018-02-01","12:12",1,"intro",15
"1517480502126","2018-02-01","12:21",1,"random",10
"1517480603000","2018-02-01","12:23",1,"intro",15
"1517480716868","2018-02-01","12:25",2,"generalizations",15
"1517480872801","2018-02-01","12:27",7,"intro",15
"1517480955902","2018-02-01","12:29",1,"random",10
"1517481082923","2018-02-01","12:31",1,"intro",15
"1517481105627","2018-02-01","12:31",4,"random",10
"1517481253898","2018-02-01","12:34",1,"intro",15
"1517481314144","2018-02-01","12:35",12,"intro",15
"1517481319928","2018-02-01","12:35",2,"intro",15
"1517481884884","2018-02-01","12:44",1,"intro",15
"1517481887171","2018-02-01","12:44",10,"intro",15
"1517482366799","2018-02-01","12:52",4,"intro",15
"1517482415140","2018-02-01","12:53",1,"generalizations",15
"1517482422426","2018-02-01","12:53",0,"random",10
"1517482463988","2018-02-01","12:54",2,"generalizations",15
"1517482511489","2018-02-01","12:55",2,"generalizations",15
"1517482543121","2018-02-01","12:55",3,"generalizations",15
"1517482628874","2018-02-01","12:57",4,"generalizations",15
"1517482858837","2018-02-01","01:00",4,"generalizations",15
"1517482871925","2018-02-01","01:01",4,"generalizations",15
"1517482905127","2018-02-01","01:01",5,"intro",15
"1517482974549","2018-02-01","01:02",0,"intro",15
"1517483004340","2018-02-01","01:03",0,"intro",15
"1517483025544","2018-02-01","01:03",9,"generalizations",15
"1517483174922","2018-02-01","01:06",10,"intro",15
"1517483443089","2018-02-01","01:10",2,"random",10
"1517483613631","2018-02-01","01:13",1,"intro",15
"1517483662868","2018-02-01","01:14",2,"random",10
"1517483732034","2018-02-01","01:15",2,"random",10
"1517483798435","2018-02-01","01:16",7,"random",10
"1517483845610","2018-02-01","01:17",2,"generalizations",15
"1517484310304","2018-02-01","01:25",0,"generalizations",15
"1517484446690","2018-02-01","01:27",4,"generalizations",15
"1517485642222","2018-02-01","01:47",1,"intro",15
"1517486302615","2018-02-01","01:58",4,"intro",15
"1517486453257","2018-02-01","02:00",1,"intro",15
"1517486516820","2018-02-01","02:01",1,"intro",15
"1517486614324","2018-02-01","02:03",3,"intro",15
"1517486649729","2018-02-01","02:04",4,"intro",15
"1517486667562","2018-02-01","02:04",5,"intro",15
"1517486705170","2018-02-01","02:05",5,"intro",15
"1517486733190","2018-02-01","02:05",5,"intro",15
"1517486772965","2018-02-01","02:06",6,"intro",15
"1517486776884","2018-02-01","02:06",0,"combinatorics",15
"1517486800825","2018-02-01","02:06",7,"intro",15
"1517486855067","2018-02-01","02:07",7,"intro",15
"1517486881251","2018-02-01","02:08",8,"intro",15
"1517486910531","2018-02-01","02:08",9,"intro",15
"1517487014387","2018-02-01","02:10",10,"intro",15
"1517487048165","2018-02-01","02:10",10,"intro",15
"1517487084042","2018-02-01","02:11",10,"intro",15
"1517487123017","2018-02-01","02:12",10,"intro",15
"1517487205849","2018-02-01","02:13",1,"combinatorics",15
"1517487235995","2018-02-01","02:13",11,"intro",15
"1517487277771","2018-02-01","02:14",0,"intro",15
"1517487289087","2018-02-01","02:14",1,"intro",15
"1517487361629","2018-02-01","02:16",2,"combinatorics",15
"1517487398507","2018-02-01","02:16",1,"intro",15
"1517487399982","2018-02-01","02:16",1,"combinatorics",15
"1517487599742","2018-02-01","02:19",1,"intro",15
"1517487811688","2018-02-01","02:23",2,"intro",15
"1517488082576","2018-02-01","02:28",2,"intro",15
"1517488108544","2018-02-01","02:28",3,"intro",15
"1517488383800","2018-02-01","02:33",3,"intro",15
"1517488407320","2018-02-01","02:33",3,"intro",15
"1517488447224","2018-02-01","02:34",4,"intro",15
"1517488619772","2018-02-01","02:36",5,"intro",15
"1517488810748","2018-02-01","02:40",5,"intro",15
"1517488839653","2018-02-01","02:40",6,"intro",15
"1517488871102","2018-02-01","02:41",6,"intro",15
"1517488971997","2018-02-01","02:42",6,"intro",15
"1517489044199","2018-02-01","02:44",6,"intro",15
"1517489101012","2018-02-01","02:45",6,"intro",15
"1517489113103","2018-02-01","02:45",7,"intro",15
"1517489117903","2018-02-01","02:45",6,"intro",15
"1517489240776","2018-02-01","02:47",0,"intro",15
"1517489315464","2018-02-01","02:48",7,"intro",15
"1517489422942","2018-02-01","02:50",1,"shapes",15
"1517489428252","2018-02-01","02:50",2,"shapes",15
"1517489470681","2018-02-01","02:51",7,"intro",15
"1517489585654","2018-02-01","02:53",8,"intro",15
"1517489629746","2018-02-01","02:53",11,"intro",15
"1517489638643","2018-02-01","02:53",12,"intro",15
"1517489899685","2018-02-01","02:58",9,"intro",15
"1517490030313","2018-02-01","03:00",9,"intro",15
"1517490094962","2018-02-01","03:01",0,"intro",15
"1517490197634","2018-02-01","03:03",9,"intro",15
"1517490212067","2018-02-01","03:03",9,"intro",15
"1517490240903","2018-02-01","03:04",9,"intro",15
"1517490251824","2018-02-01","03:04",9,"intro",15
"1517490264965","2018-02-01","03:04",9,"intro",15
"1517490279737","2018-02-01","03:04",9,"intro",15
"1517490289897","2018-02-01","03:04",10,"intro",15
"1517490488815","2018-02-01","03:08",11,"intro",15
"1517491044513","2018-02-01","03:17",12,"intro",15
"1517493981501","2018-02-01","04:06",1,"intro",15
"1517493988869","2018-02-01","04:06",1,"intro",15
"1517494201634","2018-02-01","04:10",3,"intro",15
"1517494539199","2018-02-01","04:15",1,"intro",15
"1517494719143","2018-02-01","04:18",3,"intro",15
"1517494738919","2018-02-01","04:18",4,"intro",15
"1517494760759","2018-02-01","04:19",5,"intro",15
"1517494805428","2018-02-01","04:20",6,"intro",15
"1517494946848","2018-02-01","04:22",2,"number-theory",15
"1517495508928","2018-02-01","04:31",1,"random",10
"1517495508929","2018-02-01","04:31",1,"intro",15
"1517495605529","2018-02-01","04:33",2,"intro",15
"1517495700906","2018-02-01","04:35",5,"intro",15
"1517495721612","2018-02-01","04:35",6,"intro",15
"1517495737428","2018-02-01","04:35",5,"intro",15
"1517495746024","2018-02-01","04:35",6,"intro",15
"1517496046226","2018-02-01","04:40",11,"intro",15
"1517496313521","2018-02-01","04:45",15,"intro",15
"1517496513015","2018-02-01","04:48",1,"intro",15
"1517498200905","2018-02-01","05:16",1,"intro",15
"1517498224362","2018-02-01","05:17",1,"intro",15
"1517498256246","2018-02-01","05:17",1,"intro",15
"1517498338349","2018-02-01","05:18",0,"combinatorics",15
"1517498459152","2018-02-01","05:20",0,"combinatorics",15
"1517498471680","2018-02-01","05:21",3,"generalizations",15
"1517498522249","2018-02-01","05:22",0,"number-theory",15
"1517498553027","2018-02-01","05:22",0,"random",10
"1517498704688","2018-02-01","05:25",1,"random",10
"1517498716002","2018-02-01","05:25",4,"generalizations",15
"1517498863379","2018-02-01","05:27",0,"combinatorics",15
"1517498865914","2018-02-01","05:27",10,"intro",15
"1517498935332","2018-02-01","05:28",8,"intro",15
"1517498986608","2018-02-01","05:29",3,"random",10
"1517499013059","2018-02-01","05:30",0,"intro",15
"1517499018920","2018-02-01","05:30",0,"intro",15
"1517499024146","2018-02-01","05:30",0,"intro",15
"1517499026952","2018-02-01","05:30",1,"combinatorics",15
"1517499027031","2018-02-01","05:30",9,"generalizations",15
"1517499030391","2018-02-01","05:30",0,"intro",15
"1517499035878","2018-02-01","05:30",0,"intro",15
"1517499260676","2018-02-01","05:34",0,"generalizations",15
"1517499364352","2018-02-01","05:36",0,"shapes",15
"1517499643629","2018-02-01","05:40",8,"generalizations",15
"1517499792859","2018-02-01","05:43",2,"random",10
"1517499815372","2018-02-01","05:43",0,"intro",15
"1517499871519","2018-02-01","05:44",0,"random",10
"1517500292573","2018-02-01","05:51",1,"combinatorics",15
"1517500442459","2018-02-01","05:54",2,"combinatorics",15
"1517500449607","2018-02-01","05:54",2,"combinatorics",15
"1517500501817","2018-02-01","05:55",2,"combinatorics",15
"1517500513570","2018-02-01","05:55",3,"number-theory",15
"1517500571337","2018-02-01","05:56",0,"number-theory",15
"1517500653775","2018-02-01","05:57",2,"random",10
"1517500750749","2018-02-01","05:59",3,"combinatorics",15
"1517500831945","2018-02-01","06:00",4,"combinatorics",15
"1517500998620","2018-02-01","06:03",7,"random",10
"1517501015712","2018-02-01","06:03",1,"intro",15
"1517501213214","2018-02-01","06:06",2,"intro",15
"1517501364326","2018-02-01","06:09",0,"intro",15
"1517501442501","2018-02-01","06:10",0,"random",10
"1517501524343","2018-02-01","06:12",2,"intro",15
"1517501611822","2018-02-01","06:13",1,"generalizations",15
"1517501997461","2018-02-01","06:19",0,"number-theory",15
"1517502009293","2018-02-01","06:20",1,"number-theory",15
"1517502080172","2018-02-01","06:21",0,"combinatorics",15
"1517502254824","2018-02-01","06:24",1,"generalizations",15
"1517502378729","2018-02-01","06:26",0,"intro",15
"1517502523365","2018-02-01","06:28",7,"intro",15
"1517502692958","2018-02-01","06:31",0,"number-theory",15
"1517503272755","2018-02-01","06:41",4,"random",10
"1517503703089","2018-02-01","06:48",2,"generalizations",15
"1517503727675","2018-02-01","06:48",6,"intro",15
"1517503783355","2018-02-01","06:49",3,"generalizations",15
"1517503794186","2018-02-01","06:49",3,"generalizations",15
"1517503811747","2018-02-01","06:50",0,"intro",15
"1517503977094","2018-02-01","06:52",5,"generalizations",15
"1517503995134","2018-02-01","06:53",1,"intro",15
"1517504024744","2018-02-01","06:53",0,"generalizations",15
"1517504787995","2018-02-01","07:06",13,"intro",15
"1517504825415","2018-02-01","07:07",6,"intro",15
"1517505010657","2018-02-01","07:10",3,"generalizations",15
"1517505054737","2018-02-01","07:10",3,"generalizations",15
"1517505120995","2018-02-01","07:12",1,"intro",15
"1517505171131","2018-02-01","07:12",0,"intro",15
"1517505240335","2018-02-01","07:14",4,"generalizations",15
"1517505295398","2018-02-01","07:14",4,"generalizations",15
"1517505327388","2018-02-01","07:15",3,"intro",15
"1517505438729","2018-02-01","07:17",1,"intro",15
"1517505465331","2018-02-01","07:17",1,"intro",15
"1517505475049","2018-02-01","07:17",0,"intro",15
"1517505498010","2018-02-01","07:18",2,"intro",15
"1517505500641","2018-02-01","07:18",5,"generalizations",15
"1517505514882","2018-02-01","07:18",1,"intro",15
"1517505833892","2018-02-01","07:23",1,"intro",15
"1517505891209","2018-02-01","07:24",1,"generalizations",15
"1517505933166","2018-02-01","07:25",9,"intro",15
"1517505940766","2018-02-01","07:25",0,"combinatorics",15
"1517505942328","2018-02-01","07:25",2,"generalizations",15
"1517505953867","2018-02-01","07:25",2,"generalizations",15
"1517505998986","2018-02-01","07:26",0,"generalizations",15
"1517506087364","2018-02-01","07:28",0,"generalizations",15
"1517506101709","2018-02-01","07:28",1,"random",10
"1517506105039","2018-02-01","07:28",0,"intro",15
"1517506192553","2018-02-01","07:29",0,"shapes",15
"1517506237857","2018-02-01","07:30",0,"combinatorics",15
"1517506260101","2018-02-01","07:31",1,"random",10
"1517506281768","2018-02-01","07:31",0,"shapes",15
"1517506360249","2018-02-01","07:32",6,"random",10
"1517506394810","2018-02-01","07:33",9,"intro",15
"1517506462819","2018-02-01","07:34",3,"number-theory",15
"1517506588806","2018-02-01","07:36",0,"intro",15
"1517506700657","2018-02-01","07:38",1,"random",10
"1517506704821","2018-02-01","07:38",6,"random",10
"1517506760323","2018-02-01","07:39",7,"random",10
"1517506770828","2018-02-01","07:39",7,"random",10
"1517506807098","2018-02-01","07:40",8,"random",10
"1517506817065","2018-02-01","07:40",8,"random",10
"1517507069420","2018-02-01","07:44",8,"random",10
"1517507078951","2018-02-01","07:44",8,"random",10
"1517507144897","2018-02-01","07:45",4,"number-theory",15
"1517507147655","2018-02-01","07:45",5,"generalizations",15
"1517507159516","2018-02-01","07:45",1,"intro",15
"1517507199350","2018-02-01","07:46",2,"number-theory",15
"1517507220077","2018-02-01","07:47",0,"intro",15
"1517507414252","2018-02-01","07:50",3,"number-theory",15
"1517507513470","2018-02-01","07:51",0,"intro",15
"1517507586602","2018-02-01","07:53",0,"intro",15
"1517507599662","2018-02-01","07:53",1,"intro",15
"1517507606147","2018-02-01","07:53",0,"intro",15
"1517507644990","2018-02-01","07:54",0,"random",10
"1517507664332","2018-02-01","07:54",2,"intro",15
"1517507673390","2018-02-01","07:54",1,"intro",15
"1517507774422","2018-02-01","07:56",5,"intro",15
"1517507813580","2018-02-01","07:56",0,"intro",15
"1517507822111","2018-02-01","07:57",2,"shapes",15
"1517507869543","2018-02-01","07:57",0,"intro",15
"1517507943077","2018-02-01","07:59",1,"intro",15
"1517507974128","2018-02-01","07:59",0,"intro",15
"1517507994079","2018-02-01","07:59",5,"intro",15
"1517508002760","2018-02-01","08:00",3,"intro",15
"1517508065537","2018-02-01","08:01",0,"generalizations",15
"1517508190203","2018-02-01","08:03",0,"intro",15
"1517508511820","2018-02-01","08:08",1,"intro",15
"1517508556210","2018-02-01","08:09",1,"intro",15
"1517508588804","2018-02-01","08:09",0,"intro",15
"1517508592335","2018-02-01","08:09",2,"intro",15
"1517508595563","2018-02-01","08:09",0,"intro",15
"1517508712377","2018-02-01","08:11",0,"intro",15
"1517508724342","2018-02-01","08:12",0,"number-theory",15
"1517508730826","2018-02-01","08:12",1,"intro",15
"1517508732963","2018-02-01","08:12",1,"number-theory",15
"1517508771910","2018-02-01","08:12",2,"shapes",15
"1517508773822","2018-02-01","08:12",1,"intro",15
"1517508823793","2018-02-01","08:13",0,"shapes",15
"1517508873211","2018-02-01","08:14",0,"shapes",15
"1517508961705","2018-02-01","08:16",0,"intro",15
"1517509141563","2018-02-01","08:19",0,"number-theory",15
"1517509226331","2018-02-01","08:20",0,"intro",15
"1517509358264","2018-02-01","08:22",1,"intro",15
"1517509395741","2018-02-01","08:23",1,"intro",15
"1517509404649","2018-02-01","08:23",1,"intro",15
"1517509416590","2018-02-01","08:23",0,"shapes",15
"1517509506187","2018-02-01","08:25",11,"intro",15
"1517509529489","2018-02-01","08:25",1,"random",10
"1517509538398","2018-02-01","08:25",1,"random",10
"1517509681367","2018-02-01","08:28",0,"intro",15
"1517509689503","2018-02-01","08:28",5,"intro",15
"1517509700497","2018-02-01","08:28",1,"random",10
"1517509773662","2018-02-01","08:29",0,"generalizations",15
"1517509818949","2018-02-01","08:30",3,"combinatorics",15
"1517509851258","2018-02-01","08:30",7,"intro",15
"1517509888151","2018-02-01","08:31",1,"intro",15
"1517509905355","2018-02-01","08:31",1,"intro",15
"1517509937511","2018-02-01","08:32",0,"combinatorics",15
"1517509950541","2018-02-01","08:32",0,"intro",15
"1517510051636","2018-02-01","08:34",1,"intro",15
"1517510054234","2018-02-01","08:34",2,"intro",15
"1517510091890","2018-02-01","08:34",2,"intro",15
"1517510288056","2018-02-01","08:38",0,"combinatorics",15
"1517510313229","2018-02-01","08:38",1,"generalizations",15
"1517510429674","2018-02-01","08:40",2,"generalizations",15
"1517510438412","2018-02-01","08:40",1,"intro",15
"1517510450573","2018-02-01","08:40",1,"intro",15
"1517510453161","2018-02-01","08:40",1,"intro",15
"1517510492532","2018-02-01","08:41",9,"intro",15
"1517510494873","2018-02-01","08:41",1,"number-theory",15
"1517510785631","2018-02-01","08:46",2,"generalizations",15
"1517510849930","2018-02-01","08:47",3,"generalizations",15
"1517510922111","2018-02-01","08:48",3,"generalizations",15
"1517511087799","2018-02-01","08:51",1,"intro",15
"1517511088124","2018-02-01","08:51",0,"intro",15
"1517511125327","2018-02-01","08:52",6,"intro",15
"1517511137943","2018-02-01","08:52",7,"intro",15
"1517511150033","2018-02-01","08:52",0,"shapes",15
"1517511152455","2018-02-01","08:52",1,"intro",15
"1517511154542","2018-02-01","08:52",4,"intro",15
"1517511155064","2018-02-01","08:52",5,"generalizations",15
"1517511195547","2018-02-01","08:53",0,"number-theory",15
"1517511235324","2018-02-01","08:53",0,"intro",15
"1517511242200","2018-02-01","08:54",0,"combinatorics",15
"1517511261975","2018-02-01","08:54",1,"generalizations",15
"1517511324761","2018-02-01","08:55",8,"intro",15
"1517511376921","2018-02-01","08:56",2,"intro",15
"1517511423623","2018-02-01","08:57",0,"intro",15
"1517511431820","2018-02-01","08:57",0,"intro",15
"1517511528394","2018-02-01","08:58",1,"intro",15
"1517511601277","2018-02-01","09:00",0,"intro",15
"1517511673608","2018-02-01","09:01",0,"intro",15
"1517511830661","2018-02-01","09:03",0,"intro",15
"1517511848857","2018-02-01","09:04",0,"random",10
"1517511856889","2018-02-01","09:04",6,"intro",15
"1517511972026","2018-02-01","09:06",0,"random",10
"1517512049212","2018-02-01","09:07",1,"random",10
"1517512093666","2018-02-01","09:08",3,"random",10
"1517512155551","2018-02-01","09:09",1,"intro",15
"1517512313712","2018-02-01","09:11",5,"intro",15
"1517512396749","2018-02-01","09:13",1,"random",10
"1517512430349","2018-02-01","09:13",4,"random",10
"1517512644431","2018-02-01","09:17",1,"random",10
"1517512759510","2018-02-01","09:19",0,"intro",15
"1517512908903","2018-02-01","09:21",0,"intro",15
"1517512945246","2018-02-01","09:22",1,"intro",15
"1517512987793","2018-02-01","09:23",3,"intro",15
"1517513038646","2018-02-01","09:23",0,"shapes",15
"1517513068591","2018-02-01","09:24",1,"shapes",15
"1517513075477","2018-02-01","09:24",0,"shapes",15
"1517513253782","2018-02-01","09:27",13,"intro",15
"1517513360127","2018-02-01","09:29",0,"number-theory",15
"1517513585575","2018-02-01","09:33",5,"random",10
"1517513586030","2018-02-01","09:33",14,"intro",15
"1517513688255","2018-02-01","09:34",4,"generalizations",15
"1517513715903","2018-02-01","09:35",0,"intro",15
"1517513740389","2018-02-01","09:35",0,"intro",15
"1517513827399","2018-02-01","09:37",1,"random",10
"1517513853492","2018-02-01","09:37",1,"random",10
"1517514021231","2018-02-01","09:40",11,"intro",15
"1517514089631","2018-02-01","09:41",0,"combinatorics",15
"1517514182557","2018-02-01","09:43",0,"combinatorics",15
"1517514353637","2018-02-01","09:45",0,"intro",15
"1517514496986","2018-02-01","09:48",0,"intro",15
"1517514518975","2018-02-01","09:48",0,"intro",15
"1517514592494","2018-02-01","09:49",0,"combinatorics",15
"1517514634983","2018-02-01","09:50",0,"random",10
"1517514637167","2018-02-01","09:50",1,"intro",15
"1517514653477","2018-02-01","09:50",1,"intro",15
"1517514777333","2018-02-01","09:52",0,"intro",15
"1517514835697","2018-02-01","09:53",0,"intro",15
"1517515007447","2018-02-01","09:56",0,"combinatorics",15
"1517515044370","2018-02-01","09:57",2,"generalizations",15
"1517515207240","2018-02-01","10:00",0,"intro",15
"1517515388160","2018-02-01","10:03",1,"random",10
"1517515424010","2018-02-01","10:03",1,"intro",15
"1517515639960","2018-02-01","10:07",3,"random",10
"1517515835261","2018-02-01","10:10",8,"intro",15
"1517515856317","2018-02-01","10:10",8,"intro",15
"1517515965201","2018-02-01","10:12",1,"intro",15
"1517515999963","2018-02-01","10:13",1,"intro",15
"1517516028451","2018-02-01","10:13",0,"intro",15
"1517516044590","2018-02-01","10:14",0,"intro",15
"1517516098887","2018-02-01","10:14",9,"generalizations",15
"1517516148471","2018-02-01","10:15",0,"intro",15
"1517516194541","2018-02-01","10:16",4,"intro",15
"1517516266595","2018-02-01","10:17",2,"number-theory",15
"1517516293779","2018-02-01","10:18",1,"intro",15
"1517516392226","2018-02-01","10:19",9,"intro",15
"1517516452824","2018-02-01","10:20",0,"random",10
"1517516538194","2018-02-01","10:22",0,"random",10
"1517516545092","2018-02-01","10:22",2,"random",10
"1517516559766","2018-02-01","10:22",1,"random",10
"1517516593972","2018-02-01","10:23",0,"random",10
"1517516633593","2018-02-01","10:23",1,"intro",15
"1517516675351","2018-02-01","10:24",0,"intro",15
"1517516687407","2018-02-01","10:24",5,"intro",15
"1517516692310","2018-02-01","10:24",1,"generalizations",15
"1517517068531","2018-02-01","10:31",3,"random",10
"1517517297499","2018-02-01","10:34",9,"intro",15
"1517517339639","2018-02-01","10:35",0,"intro",15
"1517517590078","2018-02-01","10:39",0,"random",10
"1517517597074","2018-02-01","10:39",0,"number-theory",15
"1517517610376","2018-02-01","10:40",7,"intro",15
"1517517629513","2018-02-01","10:40",5,"random",10
"1517517634199","2018-02-01","10:40",0,"random",10
"1517517650697","2018-02-01","10:40",0,"intro",15
"1517517666361","2018-02-01","10:41",1,"random",10
"1517517682753","2018-02-01","10:41",0,"number-theory",15
"1517517753304","2018-02-01","10:42",8,"intro",15
"1517517867506","2018-02-01","10:44",1,"intro",15
"1517517895199","2018-02-01","10:44",2,"random",10
"1517517940856","2018-02-01","10:45",2,"random",10
"1517517969029","2018-02-01","10:46",2,"random",10
"1517517990824","2018-02-01","10:46",1,"intro",15
"1517518000469","2018-02-01","10:46",1,"random",10
"1517518011218","2018-02-01","10:46",0,"intro",15
"1517518018229","2018-02-01","10:46",0,"intro",15
"1517518019573","2018-02-01","10:46",2,"random",10
"1517518036430","2018-02-01","10:47",1,"intro",15
"1517518044594","2018-02-01","10:47",1,"intro",15
"1517518189108","2018-02-01","10:49",1,"intro",15
"1517518197999","2018-02-01","10:49",1,"intro",15
"1517518311621","2018-02-01","10:51",1,"random",10
"1517518323665","2018-02-01","10:52",1,"random",10
"1517518330776","2018-02-01","10:52",2,"generalizations",15
"1517518362388","2018-02-01","10:52",1,"random",10
"1517518365206","2018-02-01","10:52",2,"random",10
"1517518373672","2018-02-01","10:52",1,"random",10
"1517518400818","2018-02-01","10:53",1,"intro",15
"1517518489874","2018-02-01","10:54",0,"random",10
"1517518560047","2018-02-01","10:56",0,"random",10
"1517518603911","2018-02-01","10:56",0,"random",10
"1517518625286","2018-02-01","10:57",2,"random",10
"1517518686302","2018-02-01","10:58",4,"random",10
"1517518702960","2018-02-01","10:58",9,"generalizations",15
"1517518722668","2018-02-01","10:58",3,"random",10
"1517518744463","2018-02-01","10:59",1,"intro",15
"1517518863625","2018-02-01","11:01",12,"intro",15
"1517518883325","2018-02-01","11:01",1,"random",10
"1517518900613","2018-02-01","11:01",1,"random",10
"1517518902738","2018-02-01","11:01",11,"intro",15
"1517518959837","2018-02-01","11:02",2,"random",10
"1517518970966","2018-02-01","11:02",2,"random",10
"1517518984497","2018-02-01","11:03",2,"random",10
"1517519101275","2018-02-01","11:05",4,"random",10
"1517519103512","2018-02-01","11:05",3,"random",10
"1517519142892","2018-02-01","11:05",3,"random",10
"1517519148935","2018-02-01","11:05",0,"intro",15
"1517519227455","2018-02-01","11:07",0,"intro",15
"1517519257951","2018-02-01","11:07",0,"intro",15
"1517519267884","2018-02-01","11:07",0,"intro",15
"1517519271916","2018-02-01","11:07",0,"intro",15
"1517519277595","2018-02-01","11:07",0,"intro",15
"1517519439872","2018-02-01","11:10",10,"generalizations",15
"1517519577421","2018-02-01","11:12",9,"intro",15
"1517519629641","2018-02-01","11:13",0,"number-theory",15
"1517520206012","2018-02-01","11:23",0,"combinatorics",15
"1517520237742","2018-02-01","11:23",8,"generalizations",15
"1517520277377","2018-02-01","11:24",1,"random",10
"1517520432768","2018-02-01","11:27",1,"random",10
"1517520676909","2018-02-01","11:31",1,"random",10
"1517520815813","2018-02-01","11:33",0,"random",10
"1517521038873","2018-02-01","11:37",1,"random",10
"1517521294876","2018-02-01","11:41",4,"generalizations",15
"1517521320801","2018-02-01","11:42",1,"intro",15
"1517521375580","2018-02-01","11:42",2,"intro",15
"1517521511360","2018-02-01","11:45",2,"generalizations",15
"1517521512831","2018-02-01","11:45",3,"random",10
"1517521545700","2018-02-01","11:45",1,"intro",15
"1517521656464","2018-02-01","11:47",4,"generalizations",15
"1517521729769","2018-02-01","11:48",4,"generalizations",15
"1517521942121","2018-02-01","11:52",2,"number-theory",15
"1517522209909","2018-02-01","11:56",1,"intro",15
"1517522247769","2018-02-01","11:57",0,"intro",15
"1517522486433","2018-02-02","12:01",4,"intro",15
"1517522602671","2018-02-02","12:03",0,"shapes",15
"1517522737595","2018-02-02","12:05",0,"shapes",15
"1517522786746","2018-02-02","12:06",0,"random",10
"1517522957096","2018-02-02","12:09",8,"intro",15
"1517522972902","2018-02-02","12:09",4,"number-theory",15
"1517523497234","2018-02-02","12:18",4,"intro",15
"1517523592422","2018-02-02","12:19",1,"number-theory",15
"1517525472344","2018-02-02","12:51",1,"intro",15
"1517525696547","2018-02-02","12:54",2,"generalizations",15
"1517530663367","2018-02-02","02:17",8,"intro",15
"1517531035396","2018-02-02","02:23",0,"generalizations",15
"1517543099847","2018-02-02","05:44",1,"intro",15
"1517547847642","2018-02-02","07:04",1,"intro",15
"1517547958611","2018-02-02","07:05",0,"intro",15
"1517548355177","2018-02-02","07:12",1,"intro",15
"1517548477173","2018-02-02","07:14",1,"intro",15
"1517548538939","2018-02-02","07:15",1,"intro",15
"1517548621834","2018-02-02","07:17",2,"intro",15
"1517548690046","2018-02-02","07:18",3,"intro",15
"1517549068430","2018-02-02","07:24",3,"intro",15
"1517549111550","2018-02-02","07:25",2,"intro",15
"1517549130799","2018-02-02","07:25",0,"intro",15
"1517549150029","2018-02-02","07:25",1,"intro",15
"1517549243897","2018-02-02","07:27",1,"intro",15
"1517549319229","2018-02-02","07:28",0,"intro",15
"1517549369734","2018-02-02","07:29",0,"intro",15
"1517549577564","2018-02-02","07:32",0,"intro",15
"1517549581984","2018-02-02","07:33",1,"random",10
"1517549614983","2018-02-02","07:33",0,"intro",15
"1517549647992","2018-02-02","07:34",0,"intro",15
"1517549723145","2018-02-02","07:35",0,"intro",15
"1517549746342","2018-02-02","07:35",1,"intro",15
"1517549770884","2018-02-02","07:36",0,"intro",15
"1517549981755","2018-02-02","07:39",0,"intro",15
"1517550459070","2018-02-02","07:47",0,"random",10
"1517550981187","2018-02-02","07:56",6,"intro",15
"1517550991275","2018-02-02","07:56",1,"combinatorics",15
"1517551270650","2018-02-02","08:01",0,"intro",15
"1517551333177","2018-02-02","08:02",0,"intro",15
"1517551362002","2018-02-02","08:02",1,"generalizations",15
"1517551485568","2018-02-02","08:04",1,"random",10
"1517551813561","2018-02-02","08:10",1,"generalizations",15
"1517551854911","2018-02-02","08:10",0,"intro",15
"1517551921267","2018-02-02","08:12",1,"intro",15
"1517552091193","2018-02-02","08:14",3,"generalizations",15
"1517552149725","2018-02-02","08:15",2,"generalizations",15
"1517552170949","2018-02-02","08:16",1,"intro",15
"1517552171059","2018-02-02","08:16",3,"generalizations",15
"1517552201785","2018-02-02","08:16",1,"intro",15
"1517552268847","2018-02-02","08:17",0,"intro",15
"1517552270601","2018-02-02","08:17",2,"intro",15
"1517552271326","2018-02-02","08:17",2,"intro",15
"1517552297519","2018-02-02","08:18",5,"intro",15
"1517552354276","2018-02-02","08:19",4,"generalizations",15
"1517552356605","2018-02-02","08:19",1,"intro",15
"1517552362903","2018-02-02","08:19",0,"random",10
"1517552562388","2018-02-02","08:22",7,"intro",15
"1517552823877","2018-02-02","08:27",3,"intro",15
"1517552829893","2018-02-02","08:27",3,"intro",15
"1517552833256","2018-02-02","08:27",1,"intro",15
"1517552924575","2018-02-02","08:28",0,"random",10
"1517552947191","2018-02-02","08:29",1,"random",10
"1517552975241","2018-02-02","08:29",0,"random",10
"1517553001570","2018-02-02","08:30",0,"intro",15
"1517553338678","2018-02-02","08:35",3,"random",10
"1517553356498","2018-02-02","08:35",0,"intro",15
"1517553438882","2018-02-02","08:37",5,"intro",15
"1517553439958","2018-02-02","08:37",3,"intro",15
"1517553462422","2018-02-02","08:37",0,"intro",15
"1517553553882","2018-02-02","08:39",3,"generalizations",15
"1517553873442","2018-02-02","08:44",0,"random",10
"1517554002839","2018-02-02","08:46",0,"intro",15
"1517554178063","2018-02-02","08:49",3,"random",10
"1517554288039","2018-02-02","08:51",0,"shapes",15
"1517554389764","2018-02-02","08:53",0,"shapes",15
"1517554452874","2018-02-02","08:54",1,"random",10
"1517554807207","2018-02-02","09:00",0,"intro",15
"1517554814251","2018-02-02","09:00",0,"random",10
"1517554845335","2018-02-02","09:00",0,"random",10
"1517554863440","2018-02-02","09:01",0,"intro",15
"1517554980471","2018-02-02","09:03",2,"intro",15
"1517555370371","2018-02-02","09:09",12,"intro",15
"1517555612419","2018-02-02","09:13",0,"intro",15
"1517555889445","2018-02-02","09:18",3,"number-theory",15
"1517556019684","2018-02-02","09:20",0,"intro",15
"1517556097012","2018-02-02","09:21",0,"generalizations",15
"1517556116694","2018-02-02","09:21",0,"intro",15
"1517556118853","2018-02-02","09:21",1,"intro",15
"1517556160206","2018-02-02","09:22",1,"intro",15
"1517556246225","2018-02-02","09:24",0,"number-theory",15
"1517556320178","2018-02-02","09:25",1,"intro",15
"1517556358962","2018-02-02","09:25",1,"generalizations",15
"1517556402568","2018-02-02","09:26",1,"generalizations",15
"1517556484171","2018-02-02","09:28",0,"random",10
"1517557265048","2018-02-02","09:41",0,"intro",15
"1517581416457","2018-02-02","04:23",1,"intro",15
"1517581421265","2018-02-02","04:23",1,"intro",15
"1517581611359","2018-02-02","04:26",0,"intro",15
"1517581653821","2018-02-02","04:27",1,"intro",15
"1517582098916","2018-02-02","04:34",0,"intro",15
"1517582518705","2018-02-02","04:41",1,"generalizations",15
"1517582850128","2018-02-02","04:47",1,"number-theory",15
"1517587841755","2018-02-02","06:10",5,"intro",15
"1517589941189","2018-02-02","06:45",7,"intro",15
"1517594281453","2018-02-02","07:58",6,"intro",15
"1517639767870","2018-02-03","08:36",0,"number-theory",15
"1517640438577","2018-02-03","08:47",1,"intro",15
"1517640501988","2018-02-03","08:48",2,"intro",15
"1517640529921","2018-02-03","08:48",3,"intro",15
"1517640569570","2018-02-03","08:49",4,"intro",15
"1517653431776","2018-02-03","12:23",1,"random",10
"1517667539417","2018-02-03","04:18",1,"intro",15
"1517677650791","2018-02-03","07:07",5,"intro",15
"1517728394057","2018-02-04","09:13",5,"intro",15
"1517734604369","2018-02-04","10:56",0,"intro",15
"1517734691875","2018-02-04","10:58",0,"intro",15
